{"data": [{"uid": "rFy9wZNcuh4qFM8t", "label": "bed", "modelId": "custom.abandon", "children": [], "objectId": 4, "segments": {"obb": {"centroid": [97.13666737678261, 71.42700890445796, -221.9679366029995], "axesLengths": [204.72773812182092, 53.54069883803374, 219.62204705040668], "normalizedAxes": [-0.0034014261216470665, -0.0004287162752087658, 0.9999941232340792, 5.660748547550983e-05, 0.9999999064153394, 0.0004289113018785979, -0.9999942135312243, 5.8066062912647784e-05, -0.0034014015347754167]}, "partId": 4, "fixScale": true, "segments": [213593, 202733, 198318, 189537, 5449, 13268, 17821, 14773, 17764, 27106, 36865, 43181, 47300, 53165, 47904, 55652, 81106, 77614, 85588, 85102, 91309, 214321, 217934, 4446], "fixRotate": true, "obbAligned": {"centroid": [0.6107626155240364, 1.618711680233738, -1.2507299443340214], "axesLengths": [2.1962204705040667, 2.0472773812182092, 0.5354069883803374], "normalizedAxes": [-0.0034014015347754167, -0.9999942135312243, 5.8066062912647784e-05, 0.9999941232340792, -0.0034014261216470665, -0.0004287162752087658, 0.0004289113018785979, 5.660748547550983e-05, 0.9999999064153394]}, "fixPosition": true, "dominantNormal": [5.660748547550983e-05, 0.9999999064153394, 0.0004289113018785979]}, "hierarchy": 1, "isInGroup": false, "labelType": "category", "attributes": {"tags": ["double_surface", "regular_shape", "current_scanning"], "attributes": {"occlusion": "0~20%", "incompleteness": "0~20%"}}}, {"uid": "xsF4UvpB62iXFclj", "label": "shelf", "modelId": "custom.abandon", "children": [], "objectId": 4, "segments": {"obb": {"centroid": [-46.224970445433705, 115.13818159430512, 220.51849433417547], "axesLengths": [65.24043443620367, 154.73903730111297, 26.06028595368632], "normalizedAxes": [-0.9999222166844792, -1.0732375627242701e-05, 0.012472388127974712, -1.6538809830442292e-05, 0.9999998915460091, -0.00046544004757874895, -0.01247238178001702, -0.0004656101225640518, -0.9999221084164249]}, "partId": 4, "fixScale": true, "segments": [324341, 322791], "fixRotate": true, "obbAligned": {"centroid": [5.035626924895786, 0.1850953020115748, -0.8136182174355497], "axesLengths": [0.26060285953686324, 0.6524043443620368, 1.5473903730111298], "normalizedAxes": [-0.9999221084164249, -0.01247238178001702, -0.0004656101225640518, 0.012472388127974712, -0.9999222166844792, -1.0732375627242701e-05, -0.00046544004757874895, -1.6538809830442292e-05, 0.9999998915460091]}, "fixPosition": true, "dominantNormal": [-0.012472381780017023, -0.0004656101225640517, -0.9999221084164245]}, "hierarchy": 1, "isInGroup": false, "labelType": "category", "attributes": {"tags": ["regular_shape"], "attributes": {"occlusion": "50%~100%", "incompleteness": "50%~100%"}}}], "stats": {"labelCount": 3, "totalSegments": 8486, "totalVertices": 627235, "percentComplete": 1.5764426411153714, "annotatedSegments": 27, "annotatedVertices": 9888, "unannotatedSegments": 8459, "unannotatedVertices": 617347}, "confirm": false, "skipped": false, "attributes": {"tags": [], "attributes": {}}, "mesh_quality": [], "skipped_reason": "", "label_version": "LO_v1.5.2"}